table,attribute,ID,subClassOf
accomplishments,id,sapos:AccomplishmentId,tcu:PersonallyIdentifiableInformation
accomplishments,enrollment_id,sapos:AccomplishmentEnrollmentId,tcu:PersonallyIdentifiableInformation
accomplishments,phase_id,sapos:AccomplishmentPhaseId,tcu:PersonallyIdentifiableInformation
accomplishments,conclusion_date,sapos:AccomplishmentConclusionDate,tcu:PersonallyIdentifiableInformation
accomplishments,obs,sapos:AccomplishmentObs,tcu:PersonallyIdentifiableInformation
accomplishments,created_at,sapos:AccomplishmentCreatedAt,tcu:PersonallyIdentifiableInformation
accomplishments,updated_at,sapos:AccomplishmentUpdatedAt,tcu:PersonallyIdentifiableInformation
advisement_authorizations,id,sapos:AdvisementAuthorizationId,tcu:Record
advisement_authorizations,professor_id,sapos:AdvisementAuthorizationProfessorId,tcu:PersonallyIdentifiableInformation
advisement_authorizations,level_id,sapos:AdvisementAuthorizationLevelId,tcu:Record
advisement_authorizations,created_at,sapos:AdvisementAuthorizationCreatedAt,tcu:Record
advisement_authorizations,updated_at,sapos:AdvisementAuthorizationUpdatedAt,tcu:Record
advisements,id,sapos:AdvisementId,tcu:PersonallyIdentifiableInformation
advisements,professor_id,sapos:AdvisementProfessorId,tcu:PersonallyIdentifiableInformation
advisements,enrollment_id,sapos:AdvisementEnrollmentId,tcu:PersonallyIdentifiableInformation
advisements,main_advisor,sapos:AdvisementMainAdvisor,tcu:PersonallyIdentifiableInformation
advisements,created_at,sapos:AdvisementCreatedAt,tcu:Record
advisements,updated_at,sapos:AdvisementUpdatedAt,tcu:Record
allocations,id,sapos:AllocationId,tcu:Record
allocations,day,sapos:AllocationDay,tcu:Record
allocations,room,sapos:AllocationRoom,tcu:Record
allocations,start_time,sapos:AllocationStartTime,tcu:Record
allocations,end_time,sapos:AllocationEndTime,tcu:Record
allocations,course_class_id,sapos:AllocationCourseClassId,tcu:Record
allocations,created_at,sapos:AllocationCreatedAt,tcu:Record
allocations,updated_at,sapos:AllocationUpdatedAt,tcu:Record
carrier_wave_files,id,sapos:CarrierWaveFileId,tcu:Record
carrier_wave_files,medium_hash,sapos:CarrierWaveFileMediumHash,tcu:Record
carrier_wave_files,binary,sapos:CarrierWaveFileBinary,tcu:Record
carrier_wave_files,created_at,sapos:CarrierWaveFileCreatedAt,tcu:Record
carrier_wave_files,updated_at,sapos:CarrierWaveFileUpdatedAt,tcu:Record
carrier_wave_files,reference_counter,sapos:CarrierWaveFileReferenceCounter,tcu:Record
carrier_wave_files,original_filename,sapos:CarrierWaveFileOriginalFilename,tcu:Record
carrier_wave_files,content_type,sapos:CarrierWaveFileContentType,tcu:Record
carrier_wave_files,size,sapos:CarrierWaveFileSize,tcu:Record
cities,id,sapos:CityId,tcu:Record
cities,name,sapos:CityName,tcu:Record
cities,state_id,sapos:CityStateId,tcu:Record
cities,created_at,sapos:CityCreatedAt,tcu:Record
cities,updated_at,sapos:CityUpdatedAt,tcu:Record
class_enrollment_requests,id,sapos:ClassEnrollmentRequestId,tcu:PersonallyIdentifiableInformation
class_enrollment_requests,enrollment_request_id,sapos:ClassEnrollmentRequestEnrollmentRequestId,tcu:PersonallyIdentifiableInformation
class_enrollment_requests,course_class_id,sapos:ClassEnrollmentRequestCourseClassId,tcu:Record
class_enrollment_requests,class_enrollment_id,sapos:ClassEnrollmentRequestClassEnrollmentId,tcu:Record
class_enrollment_requests,status,sapos:ClassEnrollmentRequestStatus,tcu:Record
class_enrollment_requests,created_at,sapos:ClassEnrollmentRequestCreatedAt,tcu:Record
class_enrollment_requests,updated_at,sapos:ClassEnrollmentRequestUpdatedAt,tcu:Record
class_enrollment_requests,action,sapos:ClassEnrollmentRequestAction,tcu:Record
class_enrollments,id,sapos:ClassEnrollmentId,tcu:PersonallyIdentifiableInformation
class_enrollments,obs,sapos:ClassEnrollmentObs,tcu:PersonallyIdentifiableInformation
class_enrollments,grade,sapos:ClassEnrollmentGrade,tcu:Record
class_enrollments,situation,sapos:ClassEnrollmentSituation,tcu:Record
class_enrollments,course_class_id,sapos:ClassEnrollmentCourseClassId,tcu:Record
class_enrollments,enrollment_id,sapos:ClassEnrollmentEnrollmentId,tcu:PersonallyIdentifiableInformation
class_enrollments,created_at,sapos:ClassEnrollmentCreatedAt,tcu:Record
class_enrollments,updated_at,sapos:ClassEnrollmentUpdatedAt,tcu:Record
class_enrollments,disapproved_by_absence,sapos:ClassEnrollmentDisapprovedByAbsence,tcu:Record
class_enrollments,grade_not_count_in_gpr,sapos:ClassEnrollmentGradeNotCountInGpr,tcu:Record
class_enrollments,justification_grade_not_count_in_gpr,sapos:ClassEnrollmentJustificationGradeNotCountInGpr,tcu:Record
class_schedules,id,sapos:ClassScheduleId,tcu:Record
class_schedules,year,sapos:ClassScheduleYear,tcu:Record
class_schedules,semester,sapos:ClassScheduleSemester,tcu:Record
class_schedules,enrollment_start,sapos:ClassScheduleEnrollmentStart,tcu:Record
class_schedules,enrollment_end,sapos:ClassScheduleEnrollmentEnd,tcu:Record
class_schedules,created_at,sapos:ClassScheduleCreatedAt,tcu:Record
class_schedules,updated_at,sapos:ClassScheduleUpdatedAt,tcu:Record
class_schedules,enrollment_adjust,sapos:ClassScheduleEnrollmentAdjust,tcu:Record
class_schedules,enrollment_insert,sapos:ClassScheduleEnrollmentInsert,tcu:Record
class_schedules,enrollment_remove,sapos:ClassScheduleEnrollmentRemove,tcu:Record
countries,id,sapos:CountryId,tcu:Record
countries,name,sapos:CountryName,tcu:Record
countries,created_at,sapos:CountryCreatedAt,tcu:Record
countries,updated_at,sapos:CountryUpdatedAt,tcu:Record
countries,nationality,sapos:CountryNationality,tcu:Record
course_classes,id,sapos:CourseClassId,tcu:Record
course_classes,name,sapos:CourseClassName,tcu:Record
course_classes,course_id,sapos:CourseClassCourseId,tcu:Record
course_classes,professor_id,sapos:CourseClassProfessorId,tcu:PersonallyIdentifiableInformation
course_classes,year,sapos:CourseClassYear,tcu:Record
course_classes,semester,sapos:CourseClassSemester,tcu:Record
course_classes,created_at,sapos:CourseClassCreatedAt,tcu:Record
course_classes,updated_at,sapos:CourseClassUpdatedAt,tcu:Record
course_classes,not_schedulable,sapos:CourseClassNotSchedulable,tcu:Record
course_classes,obs_schedule,sapos:CourseClassObsSchedule,tcu:Record
course_research_areas,id,sapos:CourseResearchAreaId,tcu:Record
course_research_areas,course_id,sapos:CourseResearchAreaCourseId,tcu:Record
course_research_areas,research_area_id,sapos:CourseResearchAreaResearchAreaId,tcu:Record
course_research_areas,created_at,sapos:CourseResearchAreaCreatedAt,tcu:Record
course_research_areas,updated_at,sapos:CourseResearchAreaUpdatedAt,tcu:Record
course_types,id,sapos:CourseTypeId,tcu:Record
course_types,name,sapos:CourseTypeName,tcu:Record
course_types,has_score,sapos:CourseTypeHasScore,tcu:Record
course_types,created_at,sapos:CourseTypeCreatedAt,tcu:Record
course_types,updated_at,sapos:CourseTypeUpdatedAt,tcu:Record
course_types,schedulable,sapos:CourseTypeSchedulable,tcu:Record
course_types,show_class_name,sapos:CourseTypeShowClassName,tcu:Record
course_types,allow_multiple_classes,sapos:CourseTypeAllowMultipleClasses,tcu:Record
course_types,on_demand,sapos:CourseTypeOnDemand,tcu:Record
courses,id,sapos:CourseId,tcu:Record
courses,name,sapos:CourseName,tcu:Record
courses,code,sapos:CourseCode,tcu:Record
courses,content,sapos:CourseContent,tcu:Record
courses,credits,sapos:CourseCredits,tcu:Record
courses,course_type_id,sapos:CourseCourseTypeId,tcu:Record
courses,created_at,sapos:CourseCreatedAt,tcu:Record
courses,updated_at,sapos:CourseUpdatedAt,tcu:Record
courses,workload,sapos:CourseWorkload,tcu:Record
courses,available,sapos:CourseAvailable,tcu:Record
custom_variables,id,sapos:CustomVariableId,tcu:Record
custom_variables,description,sapos:CustomVariableDescription,tcu:Record
custom_variables,variable,sapos:CustomVariableVariable,tcu:Record
custom_variables,created_at,sapos:CustomVariableCreatedAt,tcu:Record
custom_variables,updated_at,sapos:CustomVariableUpdatedAt,tcu:Record
custom_variables,value,sapos:CustomVariableValue,tcu:Record
deferral_types,id,sapos:DeferralTypeId,tcu:Record
deferral_types,name,sapos:DeferralTypeName,tcu:Record
deferral_types,description,sapos:DeferralTypeDescription,tcu:Record
deferral_types,duration_semesters,sapos:DeferralTypeDurationSemesters,tcu:Record
deferral_types,phase_id,sapos:DeferralTypePhaseId,tcu:PersonallyIdentifiableInformation
deferral_types,created_at,sapos:DeferralTypeCreatedAt,tcu:Record
deferral_types,updated_at,sapos:DeferralTypeUpdatedAt,tcu:Record
deferral_types,duration_months,sapos:DeferralTypeDurationMonths,tcu:Record
deferral_types,duration_days,sapos:DeferralTypeDurationDays,tcu:Record
deferrals,id,sapos:DeferralId,tcu:PersonallyIdentifiableInformation
deferrals,approval_date,sapos:DeferralApprovalDate,tcu:PersonallyIdentifiableInformation
deferrals,obs,sapos:DeferralObs,tcu:PersonallyIdentifiableInformation
deferrals,enrollment_id,sapos:DeferralEnrollmentId,tcu:PersonallyIdentifiableInformation
deferrals,deferral_type_id,sapos:DeferralDeferralTypeId,tcu:PersonallyIdentifiableInformation
deferrals,created_at,sapos:DeferralCreatedAt,tcu:Record
deferrals,updated_at,sapos:DeferralUpdatedAt,tcu:Record
dismissal_reasons,id,sapos:DismissalReasonId,tcu:Record
dismissal_reasons,name,sapos:DismissalReasonName,tcu:Record
dismissal_reasons,description,sapos:DismissalReasonDescription,tcu:Record
dismissal_reasons,created_at,sapos:DismissalReasonCreatedAt,tcu:Record
dismissal_reasons,updated_at,sapos:DismissalReasonUpdatedAt,tcu:Record
dismissal_reasons,show_advisor_name,sapos:DismissalReasonShowAdvisorName,tcu:Record
dismissal_reasons,thesis_judgement,sapos:DismissalReasonThesisJudgement,tcu:Record
dismissals,id,sapos:DismissalId,tcu:PersonallyIdentifiableInformation
dismissals,date,sapos:DismissalDate,tcu:PersonallyIdentifiableInformation
dismissals,enrollment_id,sapos:DismissalEnrollmentId,tcu:PersonallyIdentifiableInformation
dismissals,dismissal_reason_id,sapos:DismissalDismissalReasonId,tcu:PersonallyIdentifiableInformation
dismissals,obs,sapos:DismissalObs,tcu:PersonallyIdentifiableInformation
dismissals,created_at,sapos:DismissalCreatedAt,tcu:Record
dismissals,updated_at,sapos:DismissalUpdatedAt,tcu:Record
email_templates,id,sapos:EmailTemplateId,tcu:Record
email_templates,name,sapos:EmailTemplateName,tcu:Record
email_templates,to,sapos:EmailTemplateTo,tcu:Record
email_templates,subject,sapos:EmailTemplateSubject,tcu:Record
email_templates,body,sapos:EmailTemplateBody,tcu:Record
email_templates,enabled,sapos:EmailTemplateEnabled,tcu:Record
email_templates,created_at,sapos:EmailTemplateCreatedAt,tcu:Record
email_templates,updated_at,sapos:EmailTemplateUpdatedAt,tcu:Record
enrollment_holds,id,sapos:EnrollmentHoldId,tcu:Record
enrollment_holds,enrollment_id,sapos:EnrollmentHoldEnrollmentId,tcu:PersonallyIdentifiableInformation
enrollment_holds,year,sapos:EnrollmentHoldYear,tcu:PersonallyIdentifiableInformation
enrollment_holds,semester,sapos:EnrollmentHoldSemester,tcu:PersonallyIdentifiableInformation
enrollment_holds,number_of_semesters,sapos:EnrollmentHoldNumberOfSemesters,tcu:PersonallyIdentifiableInformation
enrollment_holds,created_at,sapos:EnrollmentHoldCreatedAt,tcu:Record
enrollment_holds,updated_at,sapos:EnrollmentHoldUpdatedAt,tcu:Record
enrollment_holds,active,sapos:EnrollmentHoldActive,tcu:PersonallyIdentifiableInformation
enrollment_request_comments,id,sapos:EnrollmentRequestCommentId,tcu:PersonallyIdentifiableInformation
enrollment_request_comments,message,sapos:EnrollmentRequestCommentMessage,tcu:PersonallyIdentifiableInformation
enrollment_request_comments,enrollment_request_id,sapos:EnrollmentRequestCommentEnrollmentRequestId,tcu:PersonallyIdentifiableInformation
enrollment_request_comments,user_id,sapos:EnrollmentRequestCommentUserId,tcu:PersonallyIdentifiableInformation
enrollment_request_comments,created_at,sapos:EnrollmentRequestCommentCreatedAt,tcu:Record
enrollment_request_comments,updated_at,sapos:EnrollmentRequestCommentUpdatedAt,tcu:Record
enrollment_requests,id,sapos:EnrollmentRequestId,tcu:PersonallyIdentifiableInformation
enrollment_requests,year,sapos:EnrollmentRequestYear,tcu:PersonallyIdentifiableInformation
enrollment_requests,semester,sapos:EnrollmentRequestSemester,tcu:PersonallyIdentifiableInformation
enrollment_requests,enrollment_id,sapos:EnrollmentRequestEnrollmentId,tcu:PersonallyIdentifiableInformation
enrollment_requests,last_student_change_at,sapos:EnrollmentRequestLastStudentChangeAt,tcu:PersonallyIdentifiableInformation
enrollment_requests,last_staff_change_at,sapos:EnrollmentRequestLastStaffChangeAt,tcu:PersonallyIdentifiableInformation
enrollment_requests,created_at,sapos:EnrollmentRequestCreatedAt,tcu:Record
enrollment_requests,updated_at,sapos:EnrollmentRequestUpdatedAt,tcu:Record
enrollment_requests,student_view_at,sapos:EnrollmentRequestStudentViewAt,tcu:Record
enrollment_statuses,id,sapos:EnrollmentStatusId,tcu:Record
enrollment_statuses,name,sapos:EnrollmentStatusName,tcu:Record
enrollment_statuses,created_at,sapos:EnrollmentStatusCreatedAt,tcu:Record
enrollment_statuses,updated_at,sapos:EnrollmentStatusUpdatedAt,tcu:Record
enrollment_statuses,user,sapos:EnrollmentStatusUser,tcu:Record
enrollments,id,sapos:EnrollmentId,tcu:PersonallyIdentifiableInformation
enrollments,enrollment_number,sapos:EnrollmentEnrollmentNumber,tcu:PersonallyIdentifiableInformation
enrollments,student_id,sapos:EnrollmentStudentId,tcu:PersonallyIdentifiableInformation
enrollments,level_id,sapos:EnrollmentLevelId,tcu:PersonallyIdentifiableInformation
enrollments,enrollment_status_id,sapos:EnrollmentEnrollmentStatusId,tcu:PersonallyIdentifiableInformation
enrollments,admission_date,sapos:EnrollmentAdmissionDate,tcu:PersonallyIdentifiableInformation
enrollments,obs,sapos:EnrollmentObs,tcu:PersonallyIdentifiableInformation
enrollments,created_at,sapos:EnrollmentCreatedAt,tcu:Record
enrollments,updated_at,sapos:EnrollmentUpdatedAt,tcu:Record
enrollments,thesis_title,sapos:EnrollmentThesisTitle,tcu:PersonallyIdentifiableInformation
enrollments,thesis_defense_date,sapos:EnrollmentThesisDefenseDate,tcu:PersonallyIdentifiableInformation
enrollments,research_area_id,sapos:EnrollmentResearchAreaId,tcu:PersonallyIdentifiableInformation
institutions,id,sapos:InstitutionId,tcu:Record
institutions,name,sapos:InstitutionName,tcu:Record
institutions,created_at,sapos:InstitutionCreatedAt,tcu:Record
institutions,updated_at,sapos:InstitutionUpdatedAt,tcu:Record
institutions,code,sapos:InstitutionCode,tcu:Record
levels,id,sapos:LevelId,tcu:Record
levels,name,sapos:LevelName,tcu:Record
levels,created_at,sapos:LevelCreatedAt,tcu:Record
levels,updated_at,sapos:LevelUpdatedAt,tcu:Record
levels,course_name,sapos:LevelCourseName,tcu:Record
levels,default_duration,sapos:LevelDefaultDuration,tcu:Record
levels,show_advisements_points_in_list,sapos:LevelShowAdvisementsPointsInList,tcu:Record
levels,short_name_showed_in_list_header,sapos:LevelShortNameShowedInListHeader,tcu:Record
majors,id,sapos:MajorId,tcu:Record
majors,name,sapos:MajorName,tcu:Record
majors,level_id,sapos:MajorLevelId,tcu:PersonallyIdentifiableInformation
majors,institution_id,sapos:MajorInstitutionId,tcu:Record
majors,created_at,sapos:MajorCreatedAt,tcu:Record
majors,updated_at,sapos:MajorUpdatedAt,tcu:Record
notification_logs,id,sapos:NotificationLogId,tcu:Record
notification_logs,notification_id,sapos:NotificationLogNotificationId,tcu:Record
notification_logs,created_at,sapos:NotificationLogCreatedAt,tcu:Record
notification_logs,updated_at,sapos:NotificationLogUpdatedAt,tcu:Record
notification_logs,to,sapos:NotificationLogTo,tcu:Record
notification_logs,subject,sapos:NotificationLogSubject,tcu:Record
notification_logs,body,sapos:NotificationLogBody,tcu:Record
notification_logs,attachments_file_names,sapos:NotificationLogAttachmentsFileNames,tcu:Record
notifications,id,sapos:NotificationId,tcu:Record
notifications,title,sapos:NotificationTitle,tcu:Record
notifications,to_template,sapos:NotificationToTemplate,tcu:Record
notifications,subject_template,sapos:NotificationSubjectTemplate,tcu:Record
notifications,body_template,sapos:NotificationBodyTemplate,tcu:Record
notifications,notification_offset,sapos:NotificationNotificationOffset,tcu:Record
notifications,query_offset,sapos:NotificationQueryOffset,tcu:Record
notifications,frequency,sapos:NotificationFrequency,tcu:Record
notifications,next_execution,sapos:NotificationNextExecution,tcu:Record
notifications,created_at,sapos:NotificationCreatedAt,tcu:Record
notifications,updated_at,sapos:NotificationUpdatedAt,tcu:Record
notifications,individual,sapos:NotificationIndividual,tcu:Record
notifications,query_id,sapos:NotificationQueryId,tcu:Record
notifications,has_grades_report_pdf_attachment,sapos:NotificationHasGradesReportPdfAttachment,tcu:Record
phase_completions,id,sapos:PhaseCompletionId,tcu:Record
phase_completions,enrollment_id,sapos:PhaseCompletionEnrollmentId,tcu:PersonallyIdentifiableInformation
phase_completions,phase_id,sapos:PhaseCompletionPhaseId,tcu:Record
phase_completions,due_date,sapos:PhaseCompletionDueDate,tcu:Record
phase_completions,completion_date,sapos:PhaseCompletionCompletionDate,tcu:Record
phase_completions,created_at,sapos:PhaseCompletionCreatedAt,tcu:Record
phase_completions,updated_at,sapos:PhaseCompletionUpdatedAt,tcu:Record
phase_durations,id,sapos:PhaseDurationId,tcu:Record
phase_durations,phase_id,sapos:PhaseDurationPhaseId,tcu:Record
phase_durations,level_id,sapos:PhaseDurationLevelId,tcu:Record
phase_durations,deadline_semesters,sapos:PhaseDurationDeadlineSemesters,tcu:Record
phase_durations,created_at,sapos:PhaseDurationCreatedAt,tcu:Record
phase_durations,updated_at,sapos:PhaseDurationUpdatedAt,tcu:Record
phase_durations,deadline_months,sapos:PhaseDurationDeadlineMonths,tcu:Record
phase_durations,deadline_days,sapos:PhaseDurationDeadlineDays,tcu:Record
phases,id,sapos:PhaseId,tcu:Record
phases,name,sapos:PhaseName,tcu:Record
phases,description,sapos:PhaseDescription,tcu:Record
phases,created_at,sapos:PhaseCreatedAt,tcu:Record
phases,updated_at,sapos:PhaseUpdatedAt,tcu:Record
phases,is_language,sapos:PhaseIsLanguage,tcu:Record
phases,extend_on_hold,sapos:PhaseExtendOnHold,tcu:Record
phases,active,sapos:PhaseActive,tcu:Record
professor_research_areas,id,sapos:ProfessorResearchAreaId,tcu:PersonallyIdentifiableInformation
professor_research_areas,professor_id,sapos:ProfessorResearchAreaProfessorId,tcu:PersonallyIdentifiableInformation
professor_research_areas,research_area_id,sapos:ProfessorResearchAreaResearchAreaId,tcu:PersonallyIdentifiableInformation
professor_research_areas,created_at,sapos:ProfessorResearchAreaCreatedAt,tcu:Record
professor_research_areas,updated_at,sapos:ProfessorResearchAreaUpdatedAt,tcu:Record
professors,id,sapos:ProfessorId,tcu:PersonallyIdentifiableInformation
professors,name,sapos:ProfessorName,tcu:PersonallyIdentifiableInformation
professors,cpf,sapos:ProfessorCpf,tcu:PersonallyIdentifiableInformation
professors,birthdate,sapos:ProfessorBirthdate,tcu:PersonallyIdentifiableInformation
professors,created_at,sapos:ProfessorCreatedAt,tcu:Record
professors,updated_at,sapos:ProfessorUpdatedAt,tcu:Record
professors,sex,sapos:ProfessorSex,-
professors,civil_status,sapos:ProfessorCivilStatus,tcu:PersonallyIdentifiableInformation
professors,identity_number,sapos:ProfessorIdentityNumber,tcu:PersonallyIdentifiableInformation
professors,identity_issuing_body,sapos:ProfessorIdentityIssuingBody,tcu:PersonallyIdentifiableInformation
professors,identity_expedition_date,sapos:ProfessorIdentityExpeditionDate,tcu:PersonallyIdentifiableInformation
professors,neighborhood,sapos:ProfessorNeighborhood,tcu:PersonallyIdentifiableInformation
professors,address,sapos:ProfessorAddress,tcu:PersonallyIdentifiableInformation
professors,city_id,sapos:ProfessorCityId,tcu:PersonallyIdentifiableInformation
professors,zip_code,sapos:ProfessorZipCode,tcu:PersonallyIdentifiableInformation
professors,telephone1,sapos:ProfessorTelephone1,tcu:PersonallyIdentifiableInformation
professors,telephone2,sapos:ProfessorTelephone2,tcu:PersonallyIdentifiableInformation
professors,siape,sapos:ProfessorSiape,-
professors,enrollment_number,sapos:ProfessorEnrollmentNumber,tcu:PersonallyIdentifiableInformation
professors,identity_issuing_place,sapos:ProfessorIdentityIssuingPlace,tcu:PersonallyIdentifiableInformation
professors,institution_id,sapos:ProfessorInstitutionId,tcu:PersonallyIdentifiableInformation
professors,email,sapos:ProfessorEmail,tcu:PersonallyIdentifiableInformation
professors,academic_title_date,sapos:ProfessorAcademicTitleDate,tcu:PersonallyIdentifiableInformation
professors,academic_title_country_id,sapos:ProfessorAcademicTitleCountryId,tcu:PersonallyIdentifiableInformation
professors,academic_title_institution_id,sapos:ProfessorAcademicTitleInstitutionId,tcu:PersonallyIdentifiableInformation
professors,academic_title_level_id,sapos:ProfessorAcademicTitleLevelId,tcu:PersonallyIdentifiableInformation
professors,obs,sapos:ProfessorObs,tcu:PersonallyIdentifiableInformation
professors,user_id,sapos:ProfessorUserId,tcu:PersonallyIdentifiableInformation
queries,id,sapos:QueryId,tcu:Record
queries,name,sapos:QueryName,tcu:Record
queries,sql,sapos:QuerySql,tcu:Record
queries,created_at,sapos:QueryCreatedAt,tcu:Record
queries,updated_at,sapos:QueryUpdatedAt,tcu:Record
queries,description,sapos:QueryDescription,tcu:Record
query_params,id,sapos:QueryParamId,tcu:Record
query_params,query_id,sapos:QueryParamQueryId,tcu:Record
query_params,name,sapos:QueryParamName,tcu:Record
query_params,default_value,sapos:QueryParamDefaultValue,tcu:Record
query_params,value_type,sapos:QueryParamValueType,tcu:Record
query_params,created_at,sapos:QueryParamCreatedAt,tcu:Record
query_params,updated_at,sapos:QueryParamUpdatedAt,tcu:Record
report_configurations,id,sapos:ReportConfigurationId,tcu:Record
report_configurations,name,sapos:ReportConfigurationName,tcu:Record
report_configurations,use_at_report,sapos:ReportConfigurationUseAtReport,tcu:Record
report_configurations,use_at_transcript,sapos:ReportConfigurationUseAtTranscript,tcu:Record
report_configurations,use_at_grades_report,sapos:ReportConfigurationUseAtGradesReport,tcu:Record
report_configurations,use_at_schedule,sapos:ReportConfigurationUseAtSchedule,tcu:Record
report_configurations,text,sapos:ReportConfigurationText,tcu:Record
report_configurations,image,sapos:ReportConfigurationImage,tcu:Record
report_configurations,signature_footer,sapos:ReportConfigurationSignatureFooter,tcu:Record
report_configurations,order,sapos:ReportConfigurationOrder,tcu:Record
report_configurations,scale,sapos:ReportConfigurationScale,tcu:Record
report_configurations,x,sapos:ReportConfigurationX,tcu:Record
report_configurations,y,sapos:ReportConfigurationY,tcu:Record
report_configurations,created_at,sapos:ReportConfigurationCreatedAt,tcu:Record
report_configurations,updated_at,sapos:ReportConfigurationUpdatedAt,tcu:Record
research_areas,id,sapos:ResearchAreaId,tcu:Record
research_areas,name,sapos:ResearchAreaName,tcu:Record
research_areas,code,sapos:ResearchAreaCode,tcu:Record
research_areas,created_at,sapos:ResearchAreaCreatedAt,tcu:Record
research_areas,updated_at,sapos:ResearchAreaUpdatedAt,tcu:Record
roles,id,sapos:RoleId,tcu:Record
roles,name,sapos:RoleName,tcu:Record
roles,description,sapos:RoleDescription,tcu:Record
roles,created_at,sapos:RoleCreatedAt,tcu:Record
roles,updated_at,sapos:RoleUpdatedAt,tcu:Record
scholarship_durations,id,sapos:ScholarshipDurationId,tcu:PersonallyIdentifiableInformation
scholarship_durations,scholarship_id,sapos:ScholarshipDurationScholarshipId,tcu:PersonallyIdentifiableInformation
scholarship_durations,enrollment_id,sapos:ScholarshipDurationEnrollmentId,tcu:PersonallyIdentifiableInformation
scholarship_durations,start_date,sapos:ScholarshipDurationStartDate,tcu:PersonallyIdentifiableInformation
scholarship_durations,end_date,sapos:ScholarshipDurationEndDate,tcu:PersonallyIdentifiableInformation
scholarship_durations,obs,sapos:ScholarshipDurationObs,tcu:PersonallyIdentifiableInformation
scholarship_durations,created_at,sapos:ScholarshipDurationCreatedAt,tcu:PersonallyIdentifiableInformation
scholarship_durations,updated_at,sapos:ScholarshipDurationUpdatedAt,tcu:PersonallyIdentifiableInformation
scholarship_durations,cancel_date,sapos:ScholarshipDurationCancelDate,tcu:PersonallyIdentifiableInformation
scholarship_suspensions,id,sapos:ScholarshipSuspensionId,tcu:Record
scholarship_suspensions,start_date,sapos:ScholarshipSuspensionStartDate,tcu:Record
scholarship_suspensions,end_date,sapos:ScholarshipSuspensionEndDate,tcu:Record
scholarship_suspensions,active,sapos:ScholarshipSuspensionActive,tcu:Record
scholarship_suspensions,scholarship_duration_id,sapos:ScholarshipSuspensionScholarshipDurationId,tcu:Record
scholarship_suspensions,created_at,sapos:ScholarshipSuspensionCreatedAt,tcu:Record
scholarship_suspensions,updated_at,sapos:ScholarshipSuspensionUpdatedAt,tcu:Record
scholarship_types,id,sapos:ScholarshipTypeId,tcu:Record
scholarship_types,name,sapos:ScholarshipTypeName,tcu:Record
scholarship_types,created_at,sapos:ScholarshipTypeCreatedAt,tcu:Record
scholarship_types,updated_at,sapos:ScholarshipTypeUpdatedAt,tcu:Record
scholarships,id,sapos:ScholarshipId,tcu:PersonallyIdentifiableInformation
scholarships,scholarship_number,sapos:ScholarshipScholarshipNumber,tcu:PersonallyIdentifiableInformation
scholarships,level_id,sapos:ScholarshipLevelId,tcu:PersonallyIdentifiableInformation
scholarships,sponsor_id,sapos:ScholarshipSponsorId,tcu:PersonallyIdentifiableInformation
scholarships,scholarship_type_id,sapos:ScholarshipScholarshipTypeId,tcu:PersonallyIdentifiableInformation
scholarships,start_date,sapos:ScholarshipStartDate,tcu:PersonallyIdentifiableInformation
scholarships,end_date,sapos:ScholarshipEndDate,tcu:PersonallyIdentifiableInformation
scholarships,obs,sapos:ScholarshipObs,tcu:PersonallyIdentifiableInformation
scholarships,created_at,sapos:ScholarshipCreatedAt,tcu:Record
scholarships,updated_at,sapos:ScholarshipUpdatedAt,tcu:Record
scholarships,professor_id,sapos:ScholarshipProfessorId,tcu:PersonallyIdentifiableInformation
sessions,id,sapos:SessionId,tcu:Record
sessions,session_id,sapos:SessionSessionId,tcu:Record
sessions,data,sapos:SessionData,tcu:Record
sessions,created_at,sapos:SessionCreatedAt,tcu:Record
sessions,updated_at,sapos:SessionUpdatedAt,tcu:Record
sponsors,id,sapos:SponsorId,tcu:Record
sponsors,name,sapos:SponsorName,tcu:Record
sponsors,created_at,sapos:SponsorCreatedAt,tcu:Record
sponsors,updated_at,sapos:SponsorUpdatedAt,tcu:Record
states,id,sapos:StateId,tcu:Record
states,name,sapos:StateName,tcu:Record
states,code,sapos:StateCode,tcu:Record
states,country_id,sapos:StateCountryId,tcu:Record
states,created_at,sapos:StateCreatedAt,tcu:Record
states,updated_at,sapos:StateUpdatedAt,tcu:Record
student_majors,id,sapos:StudentMajorId,tcu:Record
student_majors,major_id,sapos:StudentMajorMajorId,tcu:Record
student_majors,student_id,sapos:StudentMajorStudentId,tcu:Record
students,id,sapos:StudentId,tcu:PersonallyIdentifiableInformation
students,name,sapos:StudentName,tcu:PersonallyIdentifiableInformation
students,cpf,sapos:StudentCpf,tcu:PersonallyIdentifiableInformation
students,created_at,sapos:StudentCreatedAt,tcu:Record
students,updated_at,sapos:StudentUpdatedAt,tcu:Record
students,obs,sapos:StudentObs,tcu:PersonallyIdentifiableInformation
students,birthdate,sapos:StudentBirthdate,tcu:PersonallyIdentifiableInformation
students,sex,sapos:StudentSex,tcu:PersonallyIdentifiableInformation
students,civil_status,sapos:StudentCivilStatus,tcu:PersonallyIdentifiableInformation
students,father_name,sapos:StudentFatherName,tcu:PersonallyIdentifiableInformation
students,mother_name,sapos:StudentMotherName,tcu:PersonallyIdentifiableInformation
students,identity_number,sapos:StudentIdentityNumber,tcu:PersonallyIdentifiableInformation
students,identity_issuing_body,sapos:StudentIdentityIssuingBody,tcu:PersonallyIdentifiableInformation
students,identity_expedition_date,sapos:StudentIdentityExpeditionDate,tcu:PersonallyIdentifiableInformation
students,employer,sapos:StudentEmployer,tcu:PersonallyIdentifiableInformation
students,job_position,sapos:StudentJobPosition,tcu:PersonallyIdentifiableInformation
students,birth_state_id,sapos:StudentBirthStateId,tcu:PersonallyIdentifiableInformation
students,city_id,sapos:StudentCityId,tcu:PersonallyIdentifiableInformation
students,neighborhood,sapos:StudentNeighborhood,tcu:PersonallyIdentifiableInformation
students,zip_code,sapos:StudentZipCode,tcu:PersonallyIdentifiableInformation
students,address,sapos:StudentAddress,tcu:PersonallyIdentifiableInformation
students,telephone1,sapos:StudentTelephone1,tcu:PersonallyIdentifiableInformation
students,telephone2,sapos:StudentTelephone2,tcu:PersonallyIdentifiableInformation
students,email,sapos:StudentEmail,tcu:PersonallyIdentifiableInformation
students,birth_city_id,sapos:StudentBirthCityId,tcu:PersonallyIdentifiableInformation
students,identity_issuing_place,sapos:StudentIdentityIssuingPlace,tcu:PersonallyIdentifiableInformation
students,photo,sapos:StudentPhoto,tcu:PersonallyIdentifiableInformation
students,birth_country_id,sapos:StudentBirthCountryId,tcu:PersonallyIdentifiableInformation
students,user_id,sapos:StudentUserId,tcu:PersonallyIdentifiableInformation
thesis_defense_committee_participations,id,sapos:ThesisDefenseCommitteeParticipationId,tcu:PersonallyIdentifiableInformation
thesis_defense_committee_participations,professor_id,sapos:ThesisDefenseCommitteeParticipationProfessorId,tcu:PersonallyIdentifiableInformation
thesis_defense_committee_participations,enrollment_id,sapos:ThesisDefenseCommitteeParticipationEnrollmentId,tcu:PersonallyIdentifiableInformation
thesis_defense_committee_participations,created_at,sapos:ThesisDefenseCommitteeParticipationCreatedAt,tcu:Record
thesis_defense_committee_participations,updated_at,sapos:ThesisDefenseCommitteeParticipationUpdatedAt,tcu:Record
users,id,sapos:UserId,-
users,name,sapos:UserName,-
users,created_at,sapos:UserCreatedAt,-
users,updated_at,sapos:UserUpdatedAt,-
users,email,sapos:UserEmail,-
users,encrypted_password,sapos:UserEncryptedPassword,tcu:Record
users,reset_password_token,sapos:UserResetPasswordToken,-
users,reset_password_sent_at,sapos:UserResetPasswordSentAt,-
users,remember_created_at,sapos:UserRememberCreatedAt,-
users,sign_in_count,sapos:UserSignInCount,-
users,current_sign_in_at,sapos:UserCurrentSignInAt,-
users,last_sign_in_at,sapos:UserLastSignInAt,-
users,current_sign_in_ip,sapos:UserCurrentSignInIp,-
users,last_sign_in_ip,sapos:UserLastSignInIp,-
users,confirmation_token,sapos:UserConfirmationToken,-
users,confirmed_at,sapos:UserConfirmedAt,-
users,confirmation_sent_at,sapos:UserConfirmationSentAt,-
users,failed_attempts,sapos:UserFailedAttempts,-
users,unlock_token,sapos:UserUnlockToken,-
users,locked_at,sapos:UserLockedAt,-
users,role_id,sapos:UserRoleId,-
users,unconfirmed_email,sapos:UserUnconfirmedEmail,-
users,invitation_token,sapos:UserInvitationToken,-
users,invitation_created_at,sapos:UserInvitationCreatedAt,-
users,invitation_sent_at,sapos:UserInvitationSentAt,-
users,invitation_accepted_at,sapos:UserInvitationAcceptedAt,-
users,invitation_limit,sapos:UserInvitationLimit,-
users,invited_by_type,sapos:UserInvitedByType,-
users,invited_by_id,sapos:UserInvitedById,-
users,invitations_count,sapos:UserInvitationsCount,-
versions,id,sapos:VersionId,tcu:Record
versions,item_type,sapos:VersionItemType,tcu:Record
versions,item_id,sapos:VersionItemId,tcu:Record
versions,event,sapos:VersionEvent,tcu:Record
versions,whodunnit,sapos:VersionWhodunnit,tcu:Record
versions,object,sapos:VersionObject,tcu:Record
versions,created_at,sapos:VersionCreatedAt,tcu:Record
schema_migrations,version,sapos:SchemaMigrationVersion,tcu:Record
ar_internal_metadata,key,sapos:ArInternalMetadatumKey,tcu:Record
ar_internal_metadata,value,sapos:ArInternalMetadatumValue,tcu:Record
ar_internal_metadata,created_at,sapos:ArInternalMetadatumCreatedAt,tcu:Record
ar_internal_metadata,updated_at,sapos:ArInternalMetadatumUpdatedAt,tcu:Record
